Date,Metric_Category,KPI_Name,Q4_Target,Q4_Actual,YoY_Growth,Strategic_Impact,Board_Priority,Investment_Required,Market_Context,Competitive_Position,Risk_Rating,Confidence_Level,Next_Quarter_Forecast,Long_Term_Outlook
2024-12-31,Financial,Total_Revenue,50000000,52500000,15.2,Transformative,Critical,5000000,Expanding_Market,Leading,Low,High,54000000,Strong_Growth
2024-12-31,Financial,Gross_Margin,65.0,67.8,8.5,Significant,Critical,2000000,Margin_Pressure,Competitive,Medium,High,68.5,Stable_Improvement
2024-12-31,Financial,EBITDA,12000000,13200000,22.1,Transformative,Critical,1500000,Profitability_Focus,Leading,Low,High,14000000,Strong_Growth
2024-12-31,Financial,Cash_Flow,8000000,9200000,18.9,Significant,High,500000,Liquidity_Strong,Stable,Low,High,9800000,Healthy_Growth
2024-12-31,Customer,Total_Customers,125000,138000,28.5,Transformative,Critical,3000000,Market_Expansion,Leading,Low,Very_High,145000,Accelerating
2024-12-31,Customer,Customer_LTV,1850.0,2150.0,22.8,Significant,High,1200000,Value_Optimization,Competitive,Medium,High,2300.0,Strong_Growth
2024-12-31,Customer,Churn_Rate,5.2,3.8,-26.9,Significant,High,800000,Retention_Focus,Leading,Low,High,3.5,Continued_Improvement
2024-12-31,Customer,NPS_Score,42.0,51.0,28.6,Significant,High,600000,Experience_Priority,Leading,Low,Very_High,54.0,Strong_Momentum
2024-12-31,Market,Market_Share,12.5,14.8,24.2,Transformative,Critical,4000000,Consolidation,Gaining,Medium,High,16.2,Market_Leadership
2024-12-31,Market,Brand_Recognition,68.0,74.5,18.1,Significant,High,2500000,Brand_Building,Strong,Low,High,78.0,Sustained_Growth
2024-12-31,Product,Product_Releases,24,28,40.0,Significant,High,3500000,Innovation_Cycle,Leading,Medium,High,32,Accelerated_Development
2024-12-31,Product,Feature_Adoption,78.0,85.2,15.6,Moderate,Medium,1000000,User_Engagement,Competitive,Low,High,87.0,Steady_Progress
2024-12-31,Operations,Employee_Count,850,920,18.2,Moderate,Medium,2800000,Talent_Acquisition,Growing,Medium,High,980,Planned_Expansion
2024-12-31,Operations,Employee_Satisfaction,8.2,8.7,8.9,Moderate,Medium,500000,Culture_Focus,Strong,Low,High,8.8,Cultural_Excellence
2024-12-31,Technology,Infrastructure_Scale,85.0,92.5,15.2,Significant,High,4500000,Cloud_Migration,Advanced,Medium,High,95.0,Technology_Leadership
2024-12-31,Technology,Security_Score,88.0,94.2,12.1,Significant,Critical,2000000,Security_Priority,Leading,Low,Very_High,96.0,Security_Excellence
2024-12-31,Innovation,R_D_Investment,8500000,9200000,18.5,Significant,High,2500000,Innovation_Priority,Competitive,Medium,High,10000000,Innovation_Leadership
2024-12-31,Innovation,Patent_Applications,18,24,50.0,Significant,High,1500000,IP_Strategy,Strong,Low,High,28,IP_Portfolio_Growth
2024-12-31,Sustainability,ESG_Score,72.0,78.5,15.8,Moderate,Medium,1800000,Sustainability_Focus,Progressive,Low,High,82.0,ESG_Leadership
2024-12-31,Sustainability,Carbon_Neutrality,65.0,72.0,18.9,Moderate,Medium,3000000,Climate_Action,Progressive,Medium,High,78.0,Net_Zero_Progress