Date,Competitor,Market_Share,Revenue_Growth,Product_Features,Pricing_Strategy,Customer_Satisfaction,Marketing_Spend,R_D_Investment,Employee_Count,Geographic_Presence,Partnership_Count,Patent_Applications,Market_Position
2024-10-01,TechCorp_A,25.5,12.8,45,Premium,8.2,2500000,15000000,1250,15,8,12,Leader
2024-10-01,InnovateInc_B,18.7,18.3,38,Competitive,7.9,1800000,12000000,980,12,6,8,Challenger
2024-10-01,GlobalTech_C,22.1,8.5,52,Value,8.5,2200000,18000000,1450,18,12,15,Leader
2024-10-01,StartupX_D,5.2,45.2,28,Disruptive,8.9,850000,8000000,320,8,3,5,Niche_Player
2024-10-01,Enterprise_E,15.8,6.2,68,Enterprise,8.1,1900000,22000000,1680,22,15,25,Follower
2024-10-02,TechCorp_A,25.3,12.5,46,Premium,8.3,2520000,15200000,1255,15,8,13,Leader
2024-10-02,InnovateInc_B,18.9,18.8,39,Competitive,8.0,1820000,12200000,985,12,6,8,Challenger
2024-10-02,GlobalTech_C,22.0,8.2,53,Value,8.6,2250000,18200000,1460,18,12,16,Leader
2024-10-02,StartupX_D,5.4,46.1,29,Disruptive,9.0,880000,8200000,325,8,3,6,Niche_Player
2024-10-02,Enterprise_E,15.6,5.9,69,Enterprise,8.2,1920000,22500000,1690,22,15,26,Follower
2024-10-03,TechCorp_A,25.1,12.2,47,Premium,8.4,2540000,15400000,1260,15,8,14,Leader
2024-10-03,InnovateInc_B,19.2,19.5,40,Competitive,8.1,1850000,12400000,990,13,7,9,Challenger
2024-10-03,GlobalTech_C,21.8,7.9,54,Value,8.7,2280000,18400000,1470,18,13,17,Leader
2024-10-03,StartupX_D,5.6,47.3,30,Disruptive,9.1,910000,8400000,330,9,4,7,Niche_Player
2024-10-03,Enterprise_E,15.4,5.6,70,Enterprise,8.3,1940000,23000000,1700,23,16,27,Follower
2024-10-04,TechCorp_A,24.9,11.8,48,Premium,8.5,2560000,15600000,1265,15,9,15,Leader
2024-10-04,InnovateInc_B,19.5,20.2,41,Competitive,8.2,1880000,12600000,995,13,7,10,Challenger
2024-10-04,GlobalTech_C,21.6,7.5,55,Value,8.8,2310000,18600000,1480,19,13,18,Leader
2024-10-04,StartupX_D,5.8,48.5,31,Disruptive,9.2,940000,8600000,335,9,4,8,Niche_Player
2024-10-04,Enterprise_E,15.2,5.3,71,Enterprise,8.4,1960000,23500000,1710,23,16,28,Follower
2024-10-05,TechCorp_A,24.7,11.5,49,Premium,8.6,2580000,15800000,1270,16,9,16,Leader
2024-10-05,InnovateInc_B,19.8,21.0,42,Competitive,8.3,1910000,12800000,1000,13,7,11,Challenger
2024-10-05,GlobalTech_C,21.4,7.2,56,Value,8.9,2340000,18800000,1490,19,14,19,Leader
2024-10-05,StartupX_D,6.0,49.8,32,Disruptive,9.3,970000,8800000,340,9,4,9,Niche_Player
2024-10-05,Enterprise_E,15.0,5.0,72,Enterprise,8.5,1980000,24000000,1720,24,17,29,Follower
2024-10-08,TechCorp_A,24.5,11.2,50,Premium,8.7,2600000,16000000,1275,16,9,17,Leader
2024-10-08,InnovateInc_B,20.1,21.8,43,Competitive,8.4,1940000,13000000,1005,14,8,12,Challenger
2024-10-08,GlobalTech_C,21.2,6.8,57,Value,9.0,2370000,19000000,1500,19,14,20,Leader
2024-10-08,StartupX_D,6.2,51.2,33,Disruptive,9.4,1000000,9000000,345,10,5,10,Niche_Player
2024-10-08,Enterprise_E,14.8,4.7,73,Enterprise,8.6,2000000,24500000,1730,24,17,30,Follower