Date,Business_Unit,Revenue_Actual,Revenue_Target,Revenue_Growth_YoY,Profit_Margin,Customer_Acquisition,Customer_Retention,Market_Share,Operational_Efficiency,Employee_Satisfaction,Innovation_Index,Risk_Score,Strategic_Priority,Investment_ROI,Competitive_Position
2024-10-01,Digital_Products,15500000,14000000,28.5,22.3,2850,94.2,18.7,87.5,8.4,72,2.1,Critical,156,Leading
2024-10-01,Enterprise_Solutions,22800000,21500000,15.8,31.7,1650,96.8,24.1,91.2,8.7,68,1.8,Critical,189,Leading
2024-10-01,Consumer_Services,8900000,9200000,-3.2,18.9,4200,89.3,12.4,78.6,7.9,45,3.4,Medium,98,Competitive
2024-10-01,International,12400000,11800000,42.1,19.5,3100,91.7,8.9,82.3,8.1,58,2.7,High,142,Challenger
2024-10-01,Platform_Infrastructure,5200000,4800000,8.7,45.2,950,98.1,31.5,94.7,9.1,89,1.2,Critical,234,Leading
2024-10-02,Digital_Products,15650000,14000000,29.1,22.8,2920,94.4,18.9,87.8,8.5,73,2.0,Critical,158,Leading
2024-10-02,Enterprise_Solutions,23100000,21500000,16.2,32.1,1680,97.0,24.3,91.5,8.8,69,1.7,Critical,192,Leading
2024-10-02,Consumer_Services,8950000,9200000,-2.8,19.2,4250,89.5,12.6,78.9,8.0,46,3.3,Medium,101,Competitive
2024-10-02,International,12600000,11800000,43.2,19.8,3150,91.9,9.1,82.6,8.2,59,2.6,High,145,Challenger
2024-10-02,Platform_Infrastructure,5350000,4800000,9.8,45.7,975,98.2,31.8,94.9,9.2,90,1.1,Critical,238,Leading
2024-10-03,Digital_Products,15800000,14000000,29.7,23.1,2980,94.6,19.1,88.1,8.6,74,1.9,Critical,161,Leading
2024-10-03,Enterprise_Solutions,23400000,21500000,16.8,32.5,1710,97.2,24.5,91.8,8.9,70,1.6,Critical,195,Leading
2024-10-03,Consumer_Services,9000000,9200000,-2.2,19.5,4300,89.7,12.8,79.2,8.1,47,3.2,Medium,104,Competitive
2024-10-03,International,12800000,11800000,44.1,20.1,3200,92.1,9.3,82.9,8.3,60,2.5,High,148,Challenger
2024-10-03,Platform_Infrastructure,5500000,4800000,11.2,46.1,1000,98.3,32.1,95.1,9.3,91,1.0,Critical,242,Leading
2024-10-04,Digital_Products,15950000,14000000,30.3,23.4,3040,94.8,19.3,88.4,8.7,75,1.8,Critical,164,Leading
2024-10-04,Enterprise_Solutions,23700000,21500000,17.4,32.9,1740,97.4,24.7,92.1,9.0,71,1.5,Critical,198,Leading
2024-10-04,Consumer_Services,9050000,9200000,-1.6,19.8,4350,89.9,13.0,79.5,8.2,48,3.1,Medium,107,Competitive
2024-10-04,International,13000000,11800000,45.0,20.4,3250,92.3,9.5,83.2,8.4,61,2.4,High,151,Challenger
2024-10-04,Platform_Infrastructure,5650000,4800000,12.5,46.5,1025,98.4,32.4,95.3,9.4,92,0.9,Critical,246,Leading
2024-10-05,Digital_Products,16100000,14000000,30.9,23.7,3100,95.0,19.5,88.7,8.8,76,1.7,Critical,167,Leading
2024-10-05,Enterprise_Solutions,24000000,21500000,18.0,33.3,1770,97.6,24.9,92.4,9.1,72,1.4,Critical,201,Leading
2024-10-05,Consumer_Services,9100000,9200000,-1.1,20.1,4400,90.1,13.2,79.8,8.3,49,3.0,Medium,110,Competitive
2024-10-05,International,13200000,11800000,45.9,20.7,3300,92.5,9.7,83.5,8.5,62,2.3,High,154,Challenger
2024-10-05,Platform_Infrastructure,5800000,4800000,13.8,46.9,1050,98.5,32.7,95.5,9.5,93,0.8,Critical,250,Leading
2024-10-08,Digital_Products,16250000,14000000,31.5,24.0,3160,95.2,19.7,89.0,8.9,77,1.6,Critical,170,Leading
2024-10-08,Enterprise_Solutions,24300000,21500000,18.6,33.7,1800,97.8,25.1,92.7,9.2,73,1.3,Critical,204,Leading
2024-10-08,Consumer_Services,9150000,9200000,-0.5,20.4,4450,90.3,13.4,80.1,8.4,50,2.9,Medium,113,Competitive
2024-10-08,International,13400000,11800000,46.8,21.0,3350,92.7,9.9,83.8,8.6,63,2.2,High,157,Challenger
2024-10-08,Platform_Infrastructure,5950000,4800000,15.1,47.3,1075,98.6,33.0,95.7,9.6,94,0.7,Critical,254,Leading